{
    "meteors": [
        {
            "spawnTime": 12.300000190734864,
            "position": {
                "x": -3.1111295223236086,
                "y": 2.6471002101898195,
                "z": 0.0
            },
            "size": 0,
            "health": 10
        },
        {
            "spawnTime": 15.600000381469727,
            "position": {
                "x": 2.4628031253814699,
                "y": 1.237959861755371,
                "z": 0.0
            },
            "size": 1,
            "health": 5
        },
        {
            "spawnTime": 22.5,
            "position": {
                "x": 4.232057094573975,
                "y": 3.55521297454834,
                "z": 0.0
            },
            "size": 2,
            "health": 2
        }
    ]
}