{
    "meteors": [
        {
            "spawnTime": -2.640000104904175,
            "position": {
                "x": -2.084414005279541,
                "y": 2.2712926864624025,
                "z": 0.0
            },
            "size": 1
        },
        {
            "spawnTime": 0.0,
            "position": {
                "x": 1.610030174255371,
                "y": 2.645049571990967,
                "z": 0.0
            },
            "size": 0
        }
    ]
}